element,http://www.w3.org/1999/xhtml,a
element,http://www.w3.org/1999/xhtml,abbr
element,http://www.w3.org/1999/xhtml,address
element,http://www.w3.org/1999/xhtml,area
element,http://www.w3.org/1999/xhtml,article
element,http://www.w3.org/1999/xhtml,aside
element,http://www.w3.org/1999/xhtml,audio
element,http://www.w3.org/1999/xhtml,b
element,http://www.w3.org/1999/xhtml,base
element,http://www.w3.org/1999/xhtml,bdi
element,http://www.w3.org/1999/xhtml,bdo
element,http://www.w3.org/1999/xhtml,blockquote
element,http://www.w3.org/1999/xhtml,body
element,http://www.w3.org/1999/xhtml,br
element,http://www.w3.org/1999/xhtml,button
element,http://www.w3.org/1999/xhtml,canvas
element,http://www.w3.org/1999/xhtml,caption
element,http://www.w3.org/1999/xhtml,cite
element,http://www.w3.org/1999/xhtml,code
element,http://www.w3.org/1999/xhtml,col
element,http://www.w3.org/1999/xhtml,colgroup
element,http://www.w3.org/1999/xhtml,command
element,http://www.w3.org/1999/xhtml,data
element,http://www.w3.org/1999/xhtml,datalist
element,http://www.w3.org/1999/xhtml,dd
element,http://www.w3.org/1999/xhtml,del
element,http://www.w3.org/1999/xhtml,details
element,http://www.w3.org/1999/xhtml,dfn
element,http://www.w3.org/1999/xhtml,dialog
element,http://www.w3.org/1999/xhtml,div
element,http://www.w3.org/1999/xhtml,dl
element,http://www.w3.org/1999/xhtml,dt
element,http://www.w3.org/1999/xhtml,em
element,http://www.w3.org/1999/xhtml,embed
element,http://www.w3.org/1999/xhtml,fieldset
element,http://www.w3.org/1999/xhtml,figcaption
element,http://www.w3.org/1999/xhtml,figure
element,http://www.w3.org/1999/xhtml,footer
element,http://www.w3.org/1999/xhtml,form
element,http://www.w3.org/1999/xhtml,h1
element,http://www.w3.org/1999/xhtml,h2
element,http://www.w3.org/1999/xhtml,h3
element,http://www.w3.org/1999/xhtml,h4
element,http://www.w3.org/1999/xhtml,h5
element,http://www.w3.org/1999/xhtml,h6
element,http://www.w3.org/1999/xhtml,head
element,http://www.w3.org/1999/xhtml,header
element,http://www.w3.org/1999/xhtml,hgroup
element,http://www.w3.org/1999/xhtml,hr
element,http://www.w3.org/1999/xhtml,html
element,http://www.w3.org/1999/xhtml,i
element,http://www.w3.org/1999/xhtml,iframe
element,http://www.w3.org/1999/xhtml,img
element,http://www.w3.org/1999/xhtml,input
element,http://www.w3.org/1999/xhtml,ins
element,http://www.w3.org/1999/xhtml,kbd
element,http://www.w3.org/1999/xhtml,keygen
element,http://www.w3.org/1999/xhtml,label
element,http://www.w3.org/1999/xhtml,legend
element,http://www.w3.org/1999/xhtml,li
element,http://www.w3.org/1999/xhtml,link
element,http://www.w3.org/1999/xhtml,map
element,http://www.w3.org/1999/xhtml,mark
element,http://www.w3.org/1999/xhtml,menu
element,http://www.w3.org/1999/xhtml,meta
element,http://www.w3.org/1999/xhtml,meter
element,http://www.w3.org/1999/xhtml,nav
element,http://www.w3.org/1999/xhtml,noscript
element,http://www.w3.org/1999/xhtml,object
element,http://www.w3.org/1999/xhtml,ol
element,http://www.w3.org/1999/xhtml,optgroup
element,http://www.w3.org/1999/xhtml,option
element,http://www.w3.org/1999/xhtml,output
element,http://www.w3.org/1999/xhtml,p
element,http://www.w3.org/1999/xhtml,param
element,http://www.w3.org/1999/xhtml,pre
element,http://www.w3.org/1999/xhtml,progress
element,http://www.w3.org/1999/xhtml,q
element,http://www.w3.org/1999/xhtml,rp
element,http://www.w3.org/1999/xhtml,rt
element,http://www.w3.org/1999/xhtml,ruby
element,http://www.w3.org/1999/xhtml,s
element,http://www.w3.org/1999/xhtml,samp
element,http://www.w3.org/1999/xhtml,script
element,http://www.w3.org/1999/xhtml,section
element,http://www.w3.org/1999/xhtml,select
element,http://www.w3.org/1999/xhtml,small
element,http://www.w3.org/1999/xhtml,source
element,http://www.w3.org/1999/xhtml,span
element,http://www.w3.org/1999/xhtml,strong
element,http://www.w3.org/1999/xhtml,style
element,http://www.w3.org/1999/xhtml,sub
element,http://www.w3.org/1999/xhtml,summary
element,http://www.w3.org/1999/xhtml,sup
element,http://www.w3.org/1999/xhtml,table
element,http://www.w3.org/1999/xhtml,tbody
element,http://www.w3.org/1999/xhtml,td
element,http://www.w3.org/1999/xhtml,textarea
element,http://www.w3.org/1999/xhtml,tfoot
element,http://www.w3.org/1999/xhtml,th
element,http://www.w3.org/1999/xhtml,thead
element,http://www.w3.org/1999/xhtml,time
element,http://www.w3.org/1999/xhtml,title
element,http://www.w3.org/1999/xhtml,tr
element,http://www.w3.org/1999/xhtml,track
element,http://www.w3.org/1999/xhtml,u
element,http://www.w3.org/1999/xhtml,ul
element,http://www.w3.org/1999/xhtml,var
element,http://www.w3.org/1999/xhtml,video
element,http://www.w3.org/1999/xhtml,wbr
attribute,http://www.w3.org/1999/xhtml,accept
attribute,http://www.w3.org/1999/xhtml,accept-charset
attribute,http://www.w3.org/1999/xhtml,accesskey
attribute,http://www.w3.org/1999/xhtml,action
attribute,http://www.w3.org/1999/xhtml,alt
attribute,http://www.w3.org/1999/xhtml,async
attribute,http://www.w3.org/1999/xhtml,autocomplete
attribute,http://www.w3.org/1999/xhtml,autocomplete
attribute,http://www.w3.org/1999/xhtml,autofocus
attribute,http://www.w3.org/1999/xhtml,autoplay
attribute,http://www.w3.org/1999/xhtml,challenge
attribute,http://www.w3.org/1999/xhtml,charset
attribute,http://www.w3.org/1999/xhtml,charset
attribute,http://www.w3.org/1999/xhtml,checked
attribute,http://www.w3.org/1999/xhtml,cite
attribute,http://www.w3.org/1999/xhtml,class
attribute,http://www.w3.org/1999/xhtml,cols
attribute,http://www.w3.org/1999/xhtml,colspan
attribute,http://www.w3.org/1999/xhtml,command
attribute,http://www.w3.org/1999/xhtml,content
attribute,http://www.w3.org/1999/xhtml,contenteditable
attribute,http://www.w3.org/1999/xhtml,contextmenu
attribute,http://www.w3.org/1999/xhtml,controls
attribute,http://www.w3.org/1999/xhtml,coords
attribute,http://www.w3.org/1999/xhtml,crossorigin
attribute,http://www.w3.org/1999/xhtml,data
attribute,http://www.w3.org/1999/xhtml,datetime
attribute,http://www.w3.org/1999/xhtml,datetime
attribute,http://www.w3.org/1999/xhtml,default
attribute,http://www.w3.org/1999/xhtml,defer
attribute,http://www.w3.org/1999/xhtml,dir
attribute,http://www.w3.org/1999/xhtml,dirname
attribute,http://www.w3.org/1999/xhtml,disabled
attribute,http://www.w3.org/1999/xhtml,download
attribute,http://www.w3.org/1999/xhtml,draggable
attribute,http://www.w3.org/1999/xhtml,dropzone
attribute,http://www.w3.org/1999/xhtml,enctype
attribute,http://www.w3.org/1999/xhtml,for
attribute,http://www.w3.org/1999/xhtml,for
attribute,http://www.w3.org/1999/xhtml,form
attribute,http://www.w3.org/1999/xhtml,formaction
attribute,http://www.w3.org/1999/xhtml,formenctype
attribute,http://www.w3.org/1999/xhtml,formmethod
attribute,http://www.w3.org/1999/xhtml,formnovalidate
attribute,http://www.w3.org/1999/xhtml,formtarget
attribute,http://www.w3.org/1999/xhtml,headers
attribute,http://www.w3.org/1999/xhtml,height
attribute,http://www.w3.org/1999/xhtml,hidden
attribute,http://www.w3.org/1999/xhtml,high
attribute,http://www.w3.org/1999/xhtml,href
attribute,http://www.w3.org/1999/xhtml,href
attribute,http://www.w3.org/1999/xhtml,href
attribute,http://www.w3.org/1999/xhtml,hreflang
attribute,http://www.w3.org/1999/xhtml,http-equiv
attribute,http://www.w3.org/1999/xhtml,icon
attribute,http://www.w3.org/1999/xhtml,id
attribute,http://www.w3.org/1999/xhtml,inert
attribute,http://www.w3.org/1999/xhtml,inputmode
attribute,http://www.w3.org/1999/xhtml,ismap
attribute,http://www.w3.org/1999/xhtml,itemid
attribute,http://www.w3.org/1999/xhtml,itemprop
attribute,http://www.w3.org/1999/xhtml,itemref
attribute,http://www.w3.org/1999/xhtml,itemscope
attribute,http://www.w3.org/1999/xhtml,itemtype
attribute,http://www.w3.org/1999/xhtml,keytype
attribute,http://www.w3.org/1999/xhtml,kind
attribute,http://www.w3.org/1999/xhtml,label
attribute,http://www.w3.org/1999/xhtml,lang
attribute,http://www.w3.org/1999/xhtml,list
attribute,http://www.w3.org/1999/xhtml,loop
attribute,http://www.w3.org/1999/xhtml,low
attribute,http://www.w3.org/1999/xhtml,manifest
attribute,http://www.w3.org/1999/xhtml,max
attribute,http://www.w3.org/1999/xhtml,max
attribute,http://www.w3.org/1999/xhtml,maxlength
attribute,http://www.w3.org/1999/xhtml,media
attribute,http://www.w3.org/1999/xhtml,mediagroup
attribute,http://www.w3.org/1999/xhtml,method
attribute,http://www.w3.org/1999/xhtml,min
attribute,http://www.w3.org/1999/xhtml,min
attribute,http://www.w3.org/1999/xhtml,multiple
attribute,http://www.w3.org/1999/xhtml,muted
attribute,http://www.w3.org/1999/xhtml,name
attribute,http://www.w3.org/1999/xhtml,name
attribute,http://www.w3.org/1999/xhtml,name
attribute,http://www.w3.org/1999/xhtml,name
attribute,http://www.w3.org/1999/xhtml,name
attribute,http://www.w3.org/1999/xhtml,name
attribute,http://www.w3.org/1999/xhtml,novalidate
attribute,http://www.w3.org/1999/xhtml,open
attribute,http://www.w3.org/1999/xhtml,open
attribute,http://www.w3.org/1999/xhtml,optimum
attribute,http://www.w3.org/1999/xhtml,pattern
attribute,http://www.w3.org/1999/xhtml,ping
attribute,http://www.w3.org/1999/xhtml,placeholder
attribute,http://www.w3.org/1999/xhtml,poster
attribute,http://www.w3.org/1999/xhtml,preload
attribute,http://www.w3.org/1999/xhtml,radiogroup
attribute,http://www.w3.org/1999/xhtml,readonly
attribute,http://www.w3.org/1999/xhtml,rel
attribute,http://www.w3.org/1999/xhtml,required
attribute,http://www.w3.org/1999/xhtml,reversed
attribute,http://www.w3.org/1999/xhtml,rows
attribute,http://www.w3.org/1999/xhtml,rowspan
attribute,http://www.w3.org/1999/xhtml,sandbox
attribute,http://www.w3.org/1999/xhtml,spellcheck
attribute,http://www.w3.org/1999/xhtml,scope
attribute,http://www.w3.org/1999/xhtml,scoped
attribute,http://www.w3.org/1999/xhtml,seamless
attribute,http://www.w3.org/1999/xhtml,selected
attribute,http://www.w3.org/1999/xhtml,shape
attribute,http://www.w3.org/1999/xhtml,size
attribute,http://www.w3.org/1999/xhtml,sizes
attribute,http://www.w3.org/1999/xhtml,span
attribute,http://www.w3.org/1999/xhtml,src
attribute,http://www.w3.org/1999/xhtml,srcdoc
attribute,http://www.w3.org/1999/xhtml,srclang
attribute,http://www.w3.org/1999/xhtml,start
attribute,http://www.w3.org/1999/xhtml,step
attribute,http://www.w3.org/1999/xhtml,style
attribute,http://www.w3.org/1999/xhtml,tabindex
attribute,http://www.w3.org/1999/xhtml,target
attribute,http://www.w3.org/1999/xhtml,target
attribute,http://www.w3.org/1999/xhtml,target
attribute,http://www.w3.org/1999/xhtml,title
attribute,http://www.w3.org/1999/xhtml,title
attribute,http://www.w3.org/1999/xhtml,title
attribute,http://www.w3.org/1999/xhtml,title
attribute,http://www.w3.org/1999/xhtml,title
attribute,http://www.w3.org/1999/xhtml,translate
attribute,http://www.w3.org/1999/xhtml,type
attribute,http://www.w3.org/1999/xhtml,type
attribute,http://www.w3.org/1999/xhtml,type
attribute,http://www.w3.org/1999/xhtml,type
attribute,http://www.w3.org/1999/xhtml,type
attribute,http://www.w3.org/1999/xhtml,type
attribute,http://www.w3.org/1999/xhtml,typemustmatch
attribute,http://www.w3.org/1999/xhtml,usemap
attribute,http://www.w3.org/1999/xhtml,value
attribute,http://www.w3.org/1999/xhtml,value
attribute,http://www.w3.org/1999/xhtml,value
attribute,http://www.w3.org/1999/xhtml,value
attribute,http://www.w3.org/1999/xhtml,value
attribute,http://www.w3.org/1999/xhtml,value
attribute,http://www.w3.org/1999/xhtml,width
attribute,http://www.w3.org/1999/xhtml,wrap
attribute,http://www.w3.org/1999/xhtml,onabort
attribute,http://www.w3.org/1999/xhtml,onafterprint
attribute,http://www.w3.org/1999/xhtml,onbeforeprint
attribute,http://www.w3.org/1999/xhtml,onbeforeunload
attribute,http://www.w3.org/1999/xhtml,onblur
attribute,http://www.w3.org/1999/xhtml,onblur
attribute,http://www.w3.org/1999/xhtml,oncancel
attribute,http://www.w3.org/1999/xhtml,oncanplay
attribute,http://www.w3.org/1999/xhtml,oncanplaythrough
attribute,http://www.w3.org/1999/xhtml,onchange
attribute,http://www.w3.org/1999/xhtml,onclick
attribute,http://www.w3.org/1999/xhtml,onclose
attribute,http://www.w3.org/1999/xhtml,oncontextmenu
attribute,http://www.w3.org/1999/xhtml,oncuechange
attribute,http://www.w3.org/1999/xhtml,ondblclick
attribute,http://www.w3.org/1999/xhtml,ondrag
attribute,http://www.w3.org/1999/xhtml,ondragend
attribute,http://www.w3.org/1999/xhtml,ondragenter
attribute,http://www.w3.org/1999/xhtml,ondragleave
attribute,http://www.w3.org/1999/xhtml,ondragover
attribute,http://www.w3.org/1999/xhtml,ondragstart
attribute,http://www.w3.org/1999/xhtml,ondrop
attribute,http://www.w3.org/1999/xhtml,ondurationchange
attribute,http://www.w3.org/1999/xhtml,onemptied
attribute,http://www.w3.org/1999/xhtml,onended
attribute,http://www.w3.org/1999/xhtml,onerror
attribute,http://www.w3.org/1999/xhtml,onerror
attribute,http://www.w3.org/1999/xhtml,onfocus
attribute,http://www.w3.org/1999/xhtml,onfocus
attribute,http://www.w3.org/1999/xhtml,onhashchange
attribute,http://www.w3.org/1999/xhtml,oninput
attribute,http://www.w3.org/1999/xhtml,oninvalid
attribute,http://www.w3.org/1999/xhtml,onkeydown
attribute,http://www.w3.org/1999/xhtml,onkeypress
attribute,http://www.w3.org/1999/xhtml,onkeyup
attribute,http://www.w3.org/1999/xhtml,onload
attribute,http://www.w3.org/1999/xhtml,onload
attribute,http://www.w3.org/1999/xhtml,onloadeddata
attribute,http://www.w3.org/1999/xhtml,onloadedmetadata
attribute,http://www.w3.org/1999/xhtml,onloadstart
attribute,http://www.w3.org/1999/xhtml,onmessage
attribute,http://www.w3.org/1999/xhtml,onmousedown
attribute,http://www.w3.org/1999/xhtml,onmousemove
attribute,http://www.w3.org/1999/xhtml,onmouseout
attribute,http://www.w3.org/1999/xhtml,onmouseover
attribute,http://www.w3.org/1999/xhtml,onmouseup
attribute,http://www.w3.org/1999/xhtml,onmousewheel
attribute,http://www.w3.org/1999/xhtml,onoffline
attribute,http://www.w3.org/1999/xhtml,ononline
attribute,http://www.w3.org/1999/xhtml,onpagehide
attribute,http://www.w3.org/1999/xhtml,onpageshow
attribute,http://www.w3.org/1999/xhtml,onpause
attribute,http://www.w3.org/1999/xhtml,onplay
attribute,http://www.w3.org/1999/xhtml,onplaying
attribute,http://www.w3.org/1999/xhtml,onpopstate
attribute,http://www.w3.org/1999/xhtml,onprogress
attribute,http://www.w3.org/1999/xhtml,onratechange
attribute,http://www.w3.org/1999/xhtml,onreset
attribute,http://www.w3.org/1999/xhtml,onresize
attribute,http://www.w3.org/1999/xhtml,onscroll
attribute,http://www.w3.org/1999/xhtml,onscroll
attribute,http://www.w3.org/1999/xhtml,onseeked
attribute,http://www.w3.org/1999/xhtml,onseeking
attribute,http://www.w3.org/1999/xhtml,onselect
attribute,http://www.w3.org/1999/xhtml,onshow
attribute,http://www.w3.org/1999/xhtml,onstalled
attribute,http://www.w3.org/1999/xhtml,onstorage
attribute,http://www.w3.org/1999/xhtml,onsubmit
attribute,http://www.w3.org/1999/xhtml,onsuspend
attribute,http://www.w3.org/1999/xhtml,ontimeupdate
attribute,http://www.w3.org/1999/xhtml,onunload
attribute,http://www.w3.org/1999/xhtml,onvolumechange
attribute,http://www.w3.org/1999/xhtml,onwaiting
